sequence,class,pred
AMFWSVPTV,1,0.5303997
AMFRSVPTS,0,0.2150379
CLNEYHLFL,1,0.26339248
CLNEYHLFF,0,0.31420362
DANSFLQSV,1,0.1542137
DANPFLQSV,0,0.18639919
EEEYPGVTA,1,0.19461372
EEEYPGITA,0,0.17556782
ETSKQVTRW,1,0.29076195
ETSEQVTRW,0,0.19018604
FIMGISILL,1,0.41226086
FITGISILL,0,0.41354248
FIWGDAPPT,1,0.25982317
SIWGDAPPT,0,0.12917334
FLFLVLLFV,1,0.21287209
FLFSVLLFV,0,0.3602879
FLNCNSSRL,1,0.1484155
SLNCNSSRL,0,0.1367495
FLYNLLTRV,1,0.66248274
FLYNPLTRV,0,0.40438125
FTQEKWYHV,1,0.23220211
FTQEEWYHV,0,0.16734245
FVFCALLLV,1,0.33614713
FVFRALLLV,0,0.4386019
FVSALCMFL,1,0.47703016
FVSALRMFL,0,0.43262315
GRIAFFLKY,1,0.33899355
GRIAFSLKY,0,0.34505826
HIVEISTPV,1,0.28744417
HMVEISTPV,0,0.31024933
ILNPADPTL,1,0.09619694
ILDPADPTL,0,0.033050478
IMAHCILDL,1,0.40191555
IIAHCILDL,0,0.3724073
KLILWRGLK,1,0.33372894
KPILWRGLK,0,0.14698583
KLKLPIIMK,1,0.098761044
KLKLPMIMK,0,0.19675972
KLMNIQQKL,1,0.13288286
KLMNIQQQL,0,0.09688216
KMIGNHLWV,1,0.34381035
EMIGNHLWV,0,0.30914682
LLSIIFFPA,1,0.65931815
LLSIISFPA,0,0.4085534
LLSIVPCTV,1,0.50527483
LLSIVLCTV,0,0.5565787
LMLESGYIL,1,0.33976755
LMLESGYIP,0,0.2876519
LMSIIIVGV,1,0.7700684
PMSIIIVGV,0,0.58811706
LPIQYEPVL,1,0.055501327
PPIQYEPVL,0,0.018652637
MLGEQLFPL,1,0.32809028
MLGERLFPL,0,0.30015564
MLSSVACSL,1,0.669178
VLSSVACSL,0,0.47573492
QLSCISTYV,1,0.63220906
QLSCTSTYV,0,0.28296816
SLLLLSVSV,1,0.51504445
SLLLLPVSV,0,0.4606478
SPGPVKLEL,1,0.17163786
SPGPVKLEP,0,0.2208616
SVMIMAFSV,1,0.51264095
SDMIMAFSV,0,0.29084104
VLLRALPVL,1,0.3031979
VLLRALPVP,0,0.1431785
WLTRNFYFV,1,0.39724544
WLTRNLYFV,0,0.4374919
WMAPEVILV,1,0.2114988
WMAPEVILA,0,0.19617684
YIDERFERY,1,0.07396313
YIDEQFERY,0,0.07624264
YMAELTVTL,1,0.3200502
YMAKLTVTL,0,0.5382606
YSDNSNDSF,1,0.09539147
YSDNSNGSF,0,0.14517172
